T,Px,Py,Pz,Vx,Vy,Vz,Roll,Pitch,Yaw,R_rate,P_rate,Y_rate,T,M1,M2,M3,Wb1,Wb2,Wb3
0,0.0,0.0,0.0,0.0,0.0,0.0,-0.7305288001512248,-0.08670355409592032,0.818948819626005,0.0,0.0,0.0,0.0,0.0,0.0,0.0,0.0,0.0,0.0
0.00012969970703125,-0.0007700738418718963,-0.0008283678904572096,0.004372550118992632,-4.768881806818567e-05,4.034044597524393e-05,8.013656809175144e-06,-0.01502880340848559,-0.001794415202980336,0.016848945742139257,0.0,0.0,0.0,0.0,0.0,0.0,0.0,0.0,0.0,0.0
0.01108860969543457,-0.004020021576909281,-0.004317688533277501,0.02274014560947858,-0.001039502458826661,-0.0001400725804320209,-0.0030023725050080745,-0.0767953610133533,-0.008129780003356683,0.08710341044288175,0.0,0.0,0.0,0.0,0.0,0.0,0.0,0.0,0.0,0.0
0.02152562141418457,-0.00839927584904534,-0.009013041305996214,0.04741322997151587,-0.0022242571835096063,-0.000404612392371376,-0.006851959507843684,-0.15853361471131294,-0.015551201683100873,0.180995042018597,0.0,0.0,0.0,0.0,0.0,0.0,0.0,0.0,0.0,0.0
0.03196120262145996,-0.013875134720647147,-0.014888825754470023,0.07832896873191014,-0.0019213649528243254,-0.00018818137736903895,-0.005772366576524579,-0.26190915697265227,-0.025689490438966997,0.2989890567633287,0.0,0.0,0.0,0.0,0.0,0.0,0.0,0.0,0.0,0.0
0.04238486289978027,-0.019326672680624088,-0.02074921539314499,0.10922525870847737,-0.0005857547939138372,0.00019427644067499206,-0.0017261821571840535,-0.3668846051645573,-0.03729244574383789,0.4175230267701573,0.0,0.0,0.0,0.0,0.0,0.0,0.0,0.0,0.0,0.0
0.05277562141418457,-0.024196642413492994,-0.026031490860690787,0.13695565482980004,0.0014373119888683834,-0.002240270324948078,-0.0001466054649792694,-0.4599340887554868,-0.04745565834578466,0.5228826613886971,0.0,0.0,0.0,0.0,0.0,0.0,0.0,0.0,0.0,0.0
0.06324887275695801,-0.028847037079005843,-0.03114218260579041,0.16355570358968816,0.003595991525351627,-0.0062477347704424134,-0.00023712121462917806,-0.5461585112454495,-0.05578993383427413,0.6218663744277773,0.0,0.0,0.0,0.0,0.0,0.0,0.0,0.0,0.0,0.0
0.07358312606811523,-0.031550035894818744,-0.03414476446470511,0.17911231333817995,0.0034499452173406484,-0.005514758887527263,0.0007901834186079573,-0.5960283415910004,-0.0606831746428786,0.6791534842052851,0.0,0.0,0.0,0.0,0.0,0.0,0.0,0.0,0.0,0.0
0.0839691162109375,-0.034477125435369745,-0.03734230124191955,0.19587463990975296,0.002104430624762924,-0.0021754858819287696,0.0025425685023286702,-0.6525635192024332,-0.06737778796019102,0.742709917290575,0.0,0.0,0.0,0.0,0.0,0.0,0.0,0.0,0.0,0.0
0.09477472305297852,-0.03902851965019538,-0.04226623084633263,0.22181951631506602,0.0010679350770601054,0.0002465235330971129,0.0037302740264664887,-0.7414802397219338,-0.07818345448170175,0.842222463848721,0.0,0.0,0.0,0.0,0.0,0.0,0.0,0.0,0.0,0.0
0.1053471565246582,-0.038678236275915635,-0.041860413009375506,0.21986686682262946,0.00021914273502417436,0.0018008482880059217,0.0037838498330214584,-0.7381269699062298,-0.07962886432347448,0.8364759380264253,0.0,0.0,0.0,0.0,0.0,0.0,0.0,0.0,0.0,0.0
0.11596250534057617,-0.03953267876010498,-0.0427492599622028,0.22473601869842477,-0.0002502398115401791,0.0025572188419007245,0.0036057731039741635,-0.757922703984114,-0.08359192603552436,0.8569129209764254,0.0,0.0,0.0,0.0,0.0,0.0,0.0,0.0,0.0,0.0
0.1264655590057373,-0.03897277472118476,-0.04211168784557302,0.2215171887994928,-0.0006017004879517811,0.0020791179861405122,0.0006296011518863929,-0.749110555290122,-0.08336824836961913,0.8459975791266969,0.0,0.0,0.0,0.0,0.0,0.0,0.0,0.0,0.0,0.0
0.1368846893310547,-0.038395864521293656,-0.04146604559974671,0.21814146053629754,-0.0008921844564387022,0.0009803667770303555,-0.003793458006761067,-0.7375257001150799,-0.0812200107993222,0.8335163280742421,0.0,0.0,0.0,0.0,0.0,0.0,0.0,0.0,0.0,0.0
0.14752984046936035,-0.03976750787817905,-0.04292658849345181,0.22583330799650903,-0.000959582728683996,0.0008589486251663567,-0.003962441810476874,-0.7632098177225661,-0.08313088545392507,0.863225811866018,0.0,0.0,0.0,0.0,0.0,0.0,0.0,0.0,0.0,0.0
0.15791821479797363,-0.03784992748166621,-0.04083125463919968,0.21478997458098426,-0.0017424994196669605,0.0005197186295937192,-0.004699920427264156,-0.7255639125284793,-0.07814102394727801,0.8213184582948904,0.0,0.0,0.0,0.0,0.0,0.0,0.0,0.0,0.0,0.0
0.16829967498779297,-0.03760571293152097,-0.04056678677380135,0.21324567399501673,-0.0012356806631015974,-0.0012624941232076687,-0.008019484861878801,-0.7184164380772435,-0.07532492959175582,0.8149516135843212,0.0,0.0,0.0,0.0,0.0,0.0,0.0,0.0,0.0,0.0
0.17903661727905273,-0.03970521940412745,-0.04291044391425516,0.22533724186102877,0.004057161068447881,-0.003213076279382961,-0.004944319476366705,-0.756439657032561,-0.0770486934684551,0.8599476025204585,0.0,0.0,0.0,0.0,0.0,0.0,0.0,0.0,0.0,0.0
0.1893618106842041,-0.03669636126389624,-0.03980261941334101,0.2088340166693023,0.009287038488632245,-0.003713040799082234,0.002054689613194724,-0.6990388713415023,-0.06995532623720452,0.7955999892182514,0.0,0.0,0.0,0.0,0.0,0.0,0.0,0.0,0.0,0.0
0.19973230361938477,-0.036717137155504724,-0.040002408164156567,0.20973405339665624,0.011973553257506311,-0.0038250596365346848,0.006064165532638874,-0.7005752378023945,-0.0695329890981872,0.7976344257013787,0.0,0.0,0.0,0.0,0.0,0.0,0.0,0.0,0.0,0.0
0.21017217636108398,-0.036993395602750286,-0.040464821324265265,0.21201690011514668,0.01077946713142246,-0.0035298687653777553,0.005156769797330181,-0.7064529447678156,-0.06936207865074825,0.8048493162073622,0.0,0.0,0.0,0.0,0.0,0.0,0.0,0.0,0.0,0.0
0.22052550315856934,-0.03638248403260638,-0.03987882312026054,0.20883314393197486,0.005103505324391588,-0.0021485905160996644,0.0006085121344978617,-0.6938345520443714,-0.06692169990236642,0.7915590687043261,0.0,0.0,0.0,0.0,0.0,0.0,0.0,0.0,0.0,0.0
0.2308814525604248,-0.0364458454117229,-0.03994883519675496,0.2091150216784005,-0.0007966817226187598,-0.0008201549977158008,-0.003617810518606411,-0.6933114943282633,-0.0657135404881167,0.7920630641144313,0.0,0.0,0.0,0.0,0.0,0.0,0.0,0.0,0.0,0.0
0.24111127853393555,-0.03578385150966025,-0.03917770215445627,0.2049855121519798,-0.004403707230754766,-0.00038492737796289007,-0.006651229073442884,-0.6787068621520241,-0.06328557191513631,0.7763400658237293,0.0,0.0,0.0,0.0,0.0,0.0,0.0,0.0,0.0,0.0
0.25141334533691406,-0.03642352332722487,-0.03984993407562276,0.2083432163134274,-0.0039800651721226465,-0.00162635532755568,-0.00649985078451005,-0.6882025264594911,-0.06320911842381255,0.7883335386834174,0.0,0.0,0.0,0.0,0.0,0.0,0.0,0.0,0.0,0.0
0.262007474899292,-0.03844175544085822,-0.04208545519109793,0.2197718127464392,-0.001071432493333364,-0.003950691987077347,-0.004411314537313596,-0.7228520042508776,-0.06550845062492716,0.8295104305059875,0.0,0.0,0.0,0.0,0.0,0.0,0.0,0.0,0.0,0.0
0.27230334281921387,-0.03657871349069515,-0.04004952315492763,0.2089410306365927,-0.002076564692096867,-0.0030138997138395296,-0.004433157727999826,-0.6847453746685173,-0.06135432011045548,0.7870233006430718,0.0,0.0,0.0,0.0,0.0,0.0,0.0,0.0,0.0,0.0
0.28274011611938477,-0.03755175766019969,-0.041069210783482246,0.21415336989879757,-0.004519141164467425,-0.0010827367052583191,-0.006405309894064484,-0.7005269070463522,-0.06199326711915143,0.8061370224865372,0.0,0.0,0.0,0.0,0.0,0.0,0.0,0.0,0.0,0.0
0.2931332588195801,-0.03730090680927026,-0.04076257484389099,0.21253914973128601,-0.0023769315049649246,-2.0839610149977182e-05,-0.0033680598156233563,-0.6953781882584025,-0.061417769140633495,0.8002837950179115,0.0,0.0,0.0,0.0,0.0,0.0,0.0,0.0,0.0,0.0
0.303452730178833,-0.03682735541720632,-0.04022565048465523,0.20986258418834566,3.2175766009514184e-05,0.0014367053484454024,0.002357702849465663,-0.6887703801751528,-0.06211139443032174,0.791280812865911,0.0,0.0,0.0,0.0,0.0,0.0,0.0,0.0,0.0,0.0
0.3139951229095459,-0.03827573869308337,-0.0417608933459716,0.2181386731437267,-0.0006375528096050161,0.0034180517757458227,0.005995722326420883,-0.7199188566599264,-0.06742029069644691,0.8244917382152185,0.0,0.0,0.0,0.0,0.0,0.0,0.0,0.0,0.0,0.0
0.3244013786315918,-0.03736544986471896,-0.04070192009977393,0.21290292855659676,-0.001816146772661118,0.004064846773772275,0.005757957789627329,-0.706283176239311,-0.06835358737715574,0.8066860698140212,0.0,0.0,0.0,0.0,0.0,0.0,0.0,0.0,0.0,0.0
0.3348405361175537,-0.037523362936295206,-0.040836620740118096,0.21381447136984216,-0.0005031060131561419,0.0028306091458024504,0.003861813487523777,-0.7107604313350557,-0.06951551400740091,0.8111092154988357,0.0,0.0,0.0,0.0,0.0,0.0,0.0,0.0,0.0,0.0
0.3453695774078369,-0.03799789420095784,-0.04138431236387592,0.2168017024937339,0.0038029327141825926,0.0010064229480480269,0.005236030598861851,-0.7210019443951947,-0.07066711695329736,0.8225954362820697,0.0,0.0,0.0,0.0,0.0,0.0,0.0,0.0,0.0,0.0
0.3558480739593506,-0.03751529167864444,-0.040923192752065296,0.21448673463604026,0.006013915119618414,0.00029832118169632546,0.007370931965332834,-0.7141285384168617,-0.07066971819125972,0.8139803678492952,0.0,0.0,0.0,0.0,0.0,0.0,0.0,0.0,0.0,0.0
0.36629509925842285,-0.03718736217667167,-0.04058921321497858,0.21288389101483185,0.0032538785085214207,0.0012505715816232329,0.007044119943212864,-0.7107872931877615,-0.07178402369487631,0.8087139779481294,0.0,0.0,0.0,0.0,0.0,0.0,0.0,0.0,0.0,0.0
0.3767714500427246,-0.03731108340232928,-0.040690564563090725,0.21361760205530161,-0.0006590564580805517,0.0025044199650394216,0.00581416366868351,-0.7162921150702972,-0.07440608132050255,0.8129944424217369,0.0,0.0,0.0,0.0,0.0,0.0,0.0,0.0,0.0,0.0
0.3872034549713135,-0.03700847593594669,-0.040294172208591446,0.21175281898897944,-0.003034481441593708,0.0030519266866175553,0.004388878295724658,-0.7134417172428962,-0.07633306939336972,0.8076531592545231,0.0,0.0,0.0,0.0,0.0,0.0,0.0,0.0,0.0,0.0
0.39754819869995117,-0.036482780294780526,-0.039642561471065624,0.20853406386779244,-0.004105940202499215,0.003119290663795115,0.003085771172397553,-0.7058715470186893,-0.07761012465460604,0.7971132897173852,0.0,0.0,0.0,0.0,0.0,0.0,0.0,0.0,0.0,0.0
0.4080188274383545,-0.037360841368334306,-0.040513057530950185,0.21330522149608014,-0.004567101954754348,0.0030546691773159305,0.002208965662483732,-0.7250501104745348,-0.08162382718352366,0.8169935963037877,0.0,0.0,0.0,0.0,0.0,0.0,0.0,0.0,0.0,0.0
0.4184408187866211,-0.03712642605173372,-0.04017904137032853,0.2117150396093209,-0.004506866181219583,0.0027865047821302178,0.0014584457077884351,-0.7222199779690737,-0.08291351503167396,0.8123321643176771,0.0,0.0,0.0,0.0,0.0,0.0,0.0,0.0,0.0,0.0
0.4293334484100342,-0.04020207602035529,-0.04343169649638691,0.22900374085779038,-0.004408699708486139,0.0025711564096261063,0.0009197136738706328,-0.7833972359467317,-0.09130063325869896,0.8799060353898908,0.0,0.0,0.0,0.0,0.0,0.0,0.0,0.0,0.0,0.0
0.43969249725341797,-0.03664102320038223,-0.03952654340080351,0.2084333926995357,-0.00425904671702511,0.0010400741885461698,-0.0033692308795586217,-0.7133444997616024,-0.08307296694579631,0.8012850003517213,0.0,0.0,0.0,0.0,0.0,0.0,0.0,0.0,0.0,0.0
0.4501304626464844,-0.037094403942948315,-0.03996543133646385,0.21061190661271484,-0.005103896757267965,-0.0006450821038064281,-0.00962156302758174,-0.7189071650427429,-0.08188401190691642,0.8092061004262899,0.0,0.0,0.0,0.0,0.0,0.0,0.0,0.0,0.0,0.0
0.4608476161956787,-0.03888562282937066,-0.04185151028210052,0.22035848233188204,-0.005038714415146603,-0.001203546035648238,-0.012263665004524013,-0.7488373001159987,-0.08240434285213313,0.8455871239279504,0.0,0.0,0.0,0.0,0.0,0.0,0.0,0.0,0.0,0.0
0.47142624855041504,-0.03790181277395805,-0.04078741570792164,0.21455319733880374,-0.0020615235285291475,-0.0016669865365741272,-0.010662607429090453,-0.7247312080088839,-0.07635610172981801,0.8215963912256732,0.0,0.0,0.0,0.0,0.0,0.0,0.0,0.0,0.0,0.0
0.4820868968963623,-0.03825343502505875,-0.041247775842362125,0.21674728899591916,0.0042447473733072385,-0.00314760186051514,-0.005093903960570687,-0.7277306654347004,-0.07364338552220173,0.8278205960204622,0.0,0.0,0.0,0.0,0.0,0.0,0.0,0.0,0.0,0.0
0.492779016494751,-0.038199948203220535,-0.04135354506608736,0.21708969581768475,0.010311139522899079,-0.004286067072514497,0.002332776953039164,-0.7256850875749208,-0.07166797239801224,0.8270220042304809,0.0,0.0,0.0,0.0,0.0,0.0,0.0,0.0,0.0,0.0
0.5032846927642822,-0.03674133808500376,-0.03996835214033181,0.20964083112231063,0.012724767005160228,-0.004429841258206869,0.006617122936889407,-0.6987126774349811,-0.06821613817952958,0.7968236549534389,0.0,0.0,0.0,0.0,0.0,0.0,0.0,0.0,0.0,0.0
0.514021635055542,-0.03796084651603425,-0.04150138078269387,0.2175373292332194,0.013828980920448188,-0.004302270826607134,0.009093850995453102,-0.7237556638918663,-0.07052412346648675,0.8252617473476949,0.0,0.0,0.0,0.0,0.0,0.0,0.0,0.0,0.0,0.0
0.5246670246124268,-0.03716810539769984,-0.040792487666306596,0.2137578137610902,0.010928839757006708,-0.0028390285597459843,0.009011624058348204,-0.7110732925478191,-0.06985666546484624,0.8100624158272454,0.0,0.0,0.0,0.0,0.0,0.0,0.0,0.0,0.0,0.0
0.5354371070861816,-0.037804051014743906,-0.04154553969232563,0.21768405846624006,0.003780562418436278,-0.0010048739970390246,0.003593392555994211,-0.7244854022830207,-0.07162467069394932,0.8248143809383728,0.0,0.0,0.0,0.0,0.0,0.0,0.0,0.0,0.0,0.0
0.5460433959960938,-0.03668608602455846,-0.0403276033394798,0.21098285610428655,-0.0013759960778014588,-0.0025585553318555852,-0.016322451566806676,-0.7018909607290864,-0.06785357867963032,0.7995702124821165,0.0,0.0,0.0,0.0,0.0,0.0,0.0,0.0,0.0,0.0
0.5564913749694824,-0.03564837845944959,-0.039288352033213236,0.2046010907686595,0.0014703223211511216,-0.008058039814796606,-0.046297767068518375,-0.6809148829185782,-0.06211677198956804,0.7759378487753026,0.0,0.0,0.0,0.0,0.0,0.0,0.0,0.0,0.0,0.0
0.5669069290161133,-0.03547455902706464,-0.03925151702135165,0.20322706513273645,0.004050408622161353,-0.010201481116906377,-0.057407263855981855,-0.6780777394416426,-0.058090272282802405,0.7719023932110034,0.0,0.0,0.0,0.0,0.0,0.0,0.0,0.0,0.0,0.0
0.5776002407073975,-0.03728732099977302,-0.04138996367830869,0.21329747653903178,0.0035817300574087184,-0.00847864148062474,-0.04914066360871795,-0.7144234085134905,-0.05873713935965481,0.8117029167501528,0.0,0.0,0.0,0.0,0.0,0.0,0.0,0.0,0.0,0.0
0.5879812240600586,-0.03543139643011326,-0.03943249349311149,0.20248999531584483,0.0029929376863876292,-0.005969487962170555,-0.03474542446022984,-0.6811694531514925,-0.054845029816285334,0.772077837826693,0.0,0.0,0.0,0.0,0.0,0.0,0.0,0.0,0.0,0.0
0.5983572006225586,-0.03552997916207009,-0.039609659048339664,0.20289747690097518,0.0016793551641491869,-0.0037671530210779845,-0.024485037023170304,-0.6854739756629327,-0.05485006893273546,0.7751041163182169,0.0,0.0,0.0,0.0,0.0,0.0,0.0,0.0,0.0,0.0
0.6088423728942871,-0.03636628143100547,-0.040632687689243205,0.20753528247370445,0.002671964741028314,-0.004808664640303795,-0.028834672846004675,-0.7037011639391691,-0.05536643312776116,0.794125764079716,0.0,0.0,0.0,0.0,0.0,0.0,0.0,0.0,0.0,0.0
0.6193702220916748,-0.036759368008154644,-0.04117249367759348,0.20967625452879562,0.0033265776292459217,-0.005155266055125333,-0.02939912689399806,-0.7130305441542371,-0.05483623384982232,0.8033713917496756,0.0,0.0,0.0,0.0,0.0,0.0,0.0,0.0,0.0,0.0
0.6301004886627197,-0.038113827221772104,-0.04269861954513675,0.21740555285088814,0.000379965463781257,0.00014029095026633995,-0.002862409708550697,-0.7406951881364021,-0.057523355215045445,0.8336082555033583,0.0,0.0,0.0,0.0,0.0,0.0,0.0,0.0,0.0,0.0
0.6404173374176025,-0.03552016831666402,-0.03974302168751544,0.20287308680542815,-0.0004675466996989901,0.004696942935579078,0.026180746031119178,-0.6911192324838826,-0.05578789656804583,0.7775776298079589,0.0,0.0,0.0,0.0,0.0,0.0,0.0,0.0,0.0,0.0
0.6507687568664551,-0.035773994016083346,-0.03996749018426212,0.20482196702526184,0.0005594695872729303,0.006704047735915129,0.04258579289188777,-0.696482063684841,-0.058967801283812106,0.7839475294088618,0.0,0.0,0.0,0.0,0.0,0.0,0.0,0.0,0.0,0.0
0.6616213321685791,-0.03899218330861831,-0.043487132193046014,0.2238649837417595,0.000744295288688197,0.008463103347427038,0.05301549638845868,-0.759278405442758,-0.06747090881910689,0.8553048018534861,0.0,0.0,0.0,0.0,0.0,0.0,0.0,0.0,0.0,0.0
0.6720232963562012,-0.03607756417651435,-0.04016594341170869,0.20769140742133466,0.000644082206610296,0.007758146180837245,0.04858371864288788,-0.702437677059365,-0.06522340325631747,0.7920314417876908,0.0,0.0,0.0,0.0,0.0,0.0,0.0,0.0,0.0,0.0
0.6823701858520508,-0.03569477801563287,-0.03968526049911422,0.20602076391022733,0.0009818948419546706,0.006468765161542796,0.04402494688886455,-0.6947831931264454,-0.06694637408582382,0.7842065712795333,0.0,0.0,0.0,0.0,0.0,0.0,0.0,0.0,0.0,0.0
0.6928255558013916,-0.03640313787394332,-0.040436441549166556,0.21060738475333995,0.0013449899412806058,0.005043626602212305,0.03869790798869583,-0.7083155189629393,-0.07028503785202603,0.8002815073882631,0.0,0.0,0.0,0.0,0.0,0.0,0.0,0.0,0.0,0.0
0.703195333480835,-0.03592357996808011,-0.039886426997783477,0.20828437772892622,0.0018605695909797379,0.0037379126384732143,0.03160674690141363,-0.6988427551799165,-0.07086804116418552,0.7902888717184653,0.0,0.0,0.0,0.0,0.0,0.0,0.0,0.0,0.0,0.0
0.713975191116333,-0.038531471877690245,-0.0427896478437308,0.22392934418276236,0.0034212224224900224,0.003055128265298073,0.029876271552280353,-0.7497979030695943,-0.07695268082834757,0.8485297955760283,0.0,0.0,0.0,0.0,0.0,0.0,0.0,0.0,0.0,0.0
0.7243618965148926,-0.03598350222792581,-0.03995705974459835,0.20951738187791288,0.0022092938686052045,0.002766586231966315,0.024482168869130103,-0.7007160679277867,-0.07233868010173373,0.7932087397447887,0.0,0.0,0.0,0.0,0.0,0.0,0.0,0.0,0.0,0.0
0.7347104549407959,-0.035762043737213034,-0.0396363428403204,0.20820379861784832,-0.0032941548550526473,0.0036013428307690876,0.01570412427003706,-0.696896094859198,-0.07274466063766911,0.7885212497179073,0.0,0.0,0.0,0.0,0.0,0.0,0.0,0.0,0.0,0.0
0.745495080947876,-0.03861684637263646,-0.042643819271325455,0.2243333801799301,-0.00945503532044601,0.004717152654124421,0.0063091766326674875,-0.7529260250243222,-0.08008400580016517,0.8510039686233517,0.0,0.0,0.0,0.0,0.0,0.0,0.0,0.0,0.0,0.0
0.7559902667999268,-0.0368226250323088,-0.04048220652612767,0.21321318104989206,-0.0116165610657376,0.0046424221829691106,-0.0008740058306082989,-0.718221074170085,-0.07805009426976663,0.8106769064399036,0.0,0.0,0.0,0.0,0.0,0.0,0.0,0.0,0.0,0.0
0.7666633129119873,-0.03797280885027624,-0.041556949481275536,0.21906935097083408,-0.012566710098733561,0.004478663545853455,-0.00533939145223825,-0.7408341547151586,-0.08220180290136081,0.8350243076834677,0.0,0.0,0.0,0.0,0.0,0.0,0.0,0.0,0.0,0.0
0.7771947383880615,-0.03707608963570208,-0.04040588279121741,0.21313553916839897,-0.011450289381380586,0.0037502670836120694,-0.007374791279039001,-0.7234189073918467,-0.08174759002647702,0.8143370009746103,0.0,0.0,0.0,0.0,0.0,0.0,0.0,0.0,0.0,0.0
0.7877285480499268,-0.037104753713712274,-0.04029753418220632,0.21258729031174034,-0.01007217156979517,0.0023326358331317004,-0.01042755753257941,-0.7226516270140726,-0.08199811682043243,0.8134339547079237,0.0,0.0,0.0,0.0,0.0,0.0,0.0,0.0,0.0,0.0
0.7982525825500488,-0.03708394137580091,-0.04016865905062144,0.21180283758109625,-0.00862437761291889,0.0007086002332673418,-0.013952585554254819,-0.7188342735046809,-0.08027923151510741,0.8105779812955185,0.0,0.0,0.0,0.0,0.0,0.0,0.0,0.0,0.0,0.0
0.8086979389190674,-0.03665375273169934,-0.03961881053818069,0.20879727854885502,-0.006933862057491183,0.0004059259903124488,-0.012433783460292409,-0.7074862751439281,-0.0777761788735508,0.799104646158149,0.0,0.0,0.0,0.0,0.0,0.0,0.0,0.0,0.0,0.0
0.8191642761230469,-0.03688531903260956,-0.03980051852243569,0.20971461428602844,-0.005253672759681254,0.0007789619011922219,-0.00806473714394542,-0.7107706967412333,-0.07794295021682832,0.8030878853329647,0.0,0.0,0.0,0.0,0.0,0.0,0.0,0.0,0.0,0.0
0.8296210765838623,-0.03692025471166591,-0.03981587026104873,0.20976026312538879,-0.0018113211710427315,0.00010506875291876704,-0.004010086457057698,-0.7114242488389175,-0.07823192875973552,0.8036248082227682,0.0,0.0,0.0,0.0,0.0,0.0,0.0,0.0,0.0,0.0
0.8399419784545898,-0.03612394131671445,-0.03902013534944365,0.20547093543249878,0.004007255750613625,-0.0017649670133871305,-6.372625724995382e-05,-0.6966188264436824,-0.07657697776016255,0.7868185878901538,0.0,0.0,0.0,0.0,0.0,0.0,0.0,0.0,0.0,0.0
0.8503587245941162,-0.036780885686335446,-0.03986847645671478,0.20977932027337215,0.009160906819928835,-0.0034587148504334215,0.0029395359051030516,-0.7100851501519836,-0.07766622596485773,0.8022097539719322,0.0,0.0,0.0,0.0,0.0,0.0,0.0,0.0,0.0,0.0
0.8612520694732666,-0.03982139111292603,-0.04335195163652689,0.22791280007949716,0.012583224405853294,-0.004527844448023925,0.004890633900278243,-0.7697347765859939,-0.08355288995869212,0.8699643989080933,0.0,0.0,0.0,0.0,0.0,0.0,0.0,0.0,0.0,0.0
0.8715791702270508,-0.03603047391439534,-0.03938254192254591,0.20684369802780325,0.010235125480896543,-0.004081596452417433,0.002070588122361684,-0.6960772361241918,-0.07422754086256864,0.7877823313650805,0.0,0.0,0.0,0.0,0.0,0.0,0.0,0.0,0.0,0.0
0.8819842338562012,-0.03644428808416975,-0.039923588649929724,0.20949749585330976,0.005078525279638108,-0.002849803468906822,-0.0030279686854897967,-0.7017921800776475,-0.07269778909548075,0.7961682227328751,0.0,0.0,0.0,0.0,0.0,0.0,0.0,0.0,0.0,0.0
0.8923952579498291,-0.03652732464314884,-0.04001663385164435,0.20991306560602696,-0.0005361193910838591,-0.0005317761799575869,-0.0040893458417357855,-0.7014851904234257,-0.07135982973310089,0.7970495213299172,0.0,0.0,0.0,0.0,0.0,0.0,0.0,0.0,0.0,0.0
0.9027504920959473,-0.036288522355865924,-0.03969759164388019,0.20829918976579553,-0.00395344552277992,0.0014873688012751942,-0.001963451242549019,-0.6966903852384917,-0.07111035757036349,0.7914363182864034,0.0,0.0,0.0,0.0,0.0,0.0,0.0,0.0,0.0,0.0
0.9131660461425781,-0.0368261619550523,-0.040193667109250424,0.2110443492513269,-0.005892620693604351,0.0027273347375109678,-0.0005252916627658577,-0.707905182374119,-0.07346181591287687,0.8031300408409267,0.0,0.0,0.0,0.0,0.0,0.0,0.0,0.0,0.0,0.0
0.9234895706176758,-0.03641120956387127,-0.0396352499265781,0.20829281338997452,-0.006610538185850184,0.0032475428773562423,0.0004467665514807464,-0.7014134769585658,-0.07448021452967335,0.7942708662618883,0.0,0.0,0.0,0.0,0.0,0.0,0.0,0.0,0.0,0.0
0.9338324069976807,-0.03671579852031652,-0.03986066083745731,0.2096681898138855,-0.006612575436615673,0.003307738806335803,0.0011233180167292494,-0.7090091926519826,-0.07714811877420974,0.8012133800790349,0.0,0.0,0.0,0.0,0.0,0.0,0.0,0.0,0.0,0.0
0.944899320602417,-0.04155765243083963,-0.0450144249047331,0.23691291633045614,-0.006893578492647409,0.002802137343686738,-0.000968737440048457,-0.8029618277246371,-0.08837541670453085,0.9065497279318279,0.0,0.0,0.0,0.0,0.0,0.0,0.0,0.0,0.0,0.0
0.9551815986633301,-0.036316970635009944,-0.03927097218113556,0.20668739287116145,-0.005229553287027648,0.0011428509225965412,-0.0041974769637719,-0.699916223165795,-0.07633639554444069,0.7909854609268943,0.0,0.0,0.0,0.0,0.0,0.0,0.0,0.0,0.0,0.0
0.9657144546508789,-0.03781994265985811,-0.04084269955315326,0.21494513834418905,-0.004267446071971763,0.0008493740918966637,-0.003439542500758298,-0.7270815587090657,-0.07851079476342114,0.8225419343920443,0.0,0.0,0.0,0.0,0.0,0.0,0.0,0.0,0.0,0.0
0.9764342308044434,-0.038854791196990895,-0.04203586215157319,0.22109987560123237,0.004861448203706173,-0.001417939702233759,-0.0013499595493593583,-0.7467296211741576,-0.07982785723643698,0.8454615574197875,0.0,0.0,0.0,0.0,0.0,0.0,0.0,0.0,0.0,0.0
0.9868638515472412,-0.03665235310569266,-0.039914760698440625,0.20960900460813747,0.017260979911709547,-0.005116169913451533,-0.0012071324939184483,-0.7051462877379046,-0.07373063861702076,0.7996230841134797,0.0,0.0,0.0,0.0,0.0,0.0,0.0,0.0,0.0,0.0
0.997767448425293,-0.03935013700183886,-0.04311698545974118,0.22611800293684073,0.01707878084898111,-0.004766511279110281,0.0003522128572162771,-0.7584786907270635,-0.07809395503129674,0.8609147254804015,0.0,0.0,0.0,0.0,0.0,0.0,0.0,0.0,0.0,0.0
1.0082981586456299,-0.036705838849150504,-0.04031264300184263,0.2113453456578646,0.005632117074570439,-0.000922202868972984,0.002618251372422723,-0.7091536902626359,-0.07333545572004474,0.8045016262997361,0.0,0.0,0.0,0.0,0.0,0.0,0.0,0.0,0.0,0.0
1.0187044143676758,-0.03580026133471574,-0.039303415538920035,0.20613600078910244,-0.0014410577071043557,0.0014372580934237339,0.0036699346482402997,-0.6933505150832046,-0.07291594840153724,0.7854299845330458,0.0,0.0,0.0,0.0,0.0,0.0,0.0,0.0,0.0,0.0
1.0291650295257568,-0.0361770371523391,-0.03963634891194099,0.2080524355281811,-0.005726186927687726,0.0028605897570531807,0.004084576073735666,-0.7022548514854712,-0.0755317565161823,0.7940099820931799,0.0,0.0,0.0,0.0,0.0,0.0,0.0,0.0,0.0,0.0
1.0395033359527588,-0.0355730714971393,-0.03886279911298849,0.2041981312266361,-0.007695768779560454,0.0034309483581577297,0.0038689707619262432,-0.6918726699042869,-0.07616775163011205,0.780734077695488,0.0,0.0,0.0,0.0,0.0,0.0,0.0,0.0,0.0,0.0
1.049846887588501,-0.03582374050724299,-0.0390429456596038,0.20537003041655438,-0.00613942696604568,0.0031806119288145924,0.006538328693430684,-0.6979022301795833,-0.07810165232696961,0.7862379989330275,0.0,0.0,0.0,0.0,0.0,0.0,0.0,0.0,0.0,0.0
1.060969591140747,-0.040936289391588596,-0.04462379448255885,0.2346825791475687,-0.00029662537289655913,-0.0001419923349662742,0.00014228341872334028,-0.7985762281737001,-0.08874224724329777,0.8987112347938538,0.0,0.0,0.0,0.0,0.0,0.0,0.0,0.0,0.0,0.0
1.0713717937469482,-0.03618757870287848,-0.03954639470059887,0.20748928682263396,0.003573327917757338,-0.004333609355121967,-0.016975249011808892,-0.7064884108439211,-0.07618318526388643,0.7945741296229689,0.0,0.0,0.0,0.0,0.0,0.0,0.0,0.0,0.0,0.0
1.0817904472351074,-0.036179181713322295,-0.039661827213373066,0.20733219825262594,0.00360575687801211,-0.006371767790400636,-0.028828708475081462,-0.7065099495807523,-0.07329273703340582,0.7942050443145312,0.0,0.0,0.0,0.0,0.0,0.0,0.0,0.0,0.0,0.0
1.0921814441680908,-0.035974891435127776,-0.03962583325156875,0.20599719006932743,0.005755434127535722,-0.010062634133681608,-0.04568654602225601,-0.7024517285651775,-0.06884981075263558,0.7893890131133501,0.0,0.0,0.0,0.0,0.0,0.0,0.0,0.0,0.0,0.0
1.1026649475097656,-0.036485915858867846,-0.040521983619434154,0.20919700301989982,0.01469210089489725,-0.01427645994917376,-0.05485337883883424,-0.7122171929717559,-0.06437318675610404,0.8009676838418811,0.0,0.0,0.0,0.0,0.0,0.0,0.0,0.0,0.0,0.0
1.1133201122283936,-0.03737508769984245,-0.041976867858614195,0.2152920296635587,0.02525854492072622,-0.01566780234138408,-0.04594168661069739,-0.7293336082479821,-0.06001966913415785,0.8220596631011527,0.0,0.0,0.0,0.0,0.0,0.0,0.0,0.0,0.0,0.0
1.123626708984375,-0.03502900414896183,-0.03970240644921933,0.2026154082712706,0.020052782727495538,-0.011399936573573424,-0.031300646079272666,-0.6833147740573391,-0.05191862040014564,0.7717792250299156,0.0,0.0,0.0,0.0,0.0,0.0,0.0,0.0,0.0,0.0
1.133983850479126,-0.03533401631867303,-0.040210330103171314,0.2046306030344928,0.008254623079448152,-0.005676635101555012,-0.019492955255799693,-0.689007771104051,-0.05014909247054582,0.7788530894793864,0.0,0.0,0.0,0.0,0.0,0.0,0.0,0.0,0.0,0.0
1.1446304321289062,-0.03722105427186235,-0.04239543523651424,0.21547638263425906,0.001117491219695629,-0.001999877785568459,-0.010480534150276223,-0.7254588817554913,-0.05195785191875481,0.8201872397407725,0.0,0.0,0.0,0.0,0.0,0.0,0.0,0.0,0.0,0.0
1.1551058292388916,-0.036222008386812804,-0.041190252869011616,0.2095413324572976,-0.003516523023266103,0.0024205184119495482,0.008880329845644668,-0.7056115352227756,-0.051424887565821475,0.7977130659908638,0.0,0.0,0.0,0.0,0.0,0.0,0.0,0.0,0.0,0.0
1.1655497550964355,-0.03609305862877719,-0.04092219028364696,0.20862286008877923,-0.0058431492743061895,0.004706828014229427,0.019552054445760508,-0.702794696970492,-0.053089516718810396,0.7943709637722532,0.0,0.0,0.0,0.0,0.0,0.0,0.0,0.0,0.0,0.0
1.1759629249572754,-0.035970112854747396,-0.040718164535699486,0.2076349921471189,-0.0043406159213201225,0.0008644143723315432,0.00015792000854556072,-0.7001743257820559,-0.05341532299822681,0.7910544727463585,0.0,0.0,0.0,0.0,0.0,0.0,0.0,0.0,0.0,0.0
1.1863782405853271,-0.03607344219391376,-0.04079035153722945,0.20782892366573286,-0.004379557845672441,-0.0011039018768315297,-0.012227708112873686,-0.702047931936248,-0.0533735417903542,0.7925993997373946,0.0,0.0,0.0,0.0,0.0,0.0,0.0,0.0,0.0,0.0
1.1969845294952393,-0.0373752465311294,-0.042173362943496315,0.21484874341884794,-0.006649277932528211,0.0006913908429754306,-0.0072285206188712715,-0.7273829702810328,-0.05576796106319681,0.8204479128808188,0.0,0.0,0.0,0.0,0.0,0.0,0.0,0.0,0.0,0.0
1.2073683738708496,-0.03603462141196288,-0.04057519178283855,0.20674582046250187,-0.006104287748407286,0.001261776084692589,-0.0028625738735329194,-0.7013249294357574,-0.05439765307838488,0.7904091090817483,0.0,0.0,0.0,0.0,0.0,0.0,0.0,0.0,0.0,0.0
1.217771053314209,-0.036207219585022835,-0.04070600785963625,0.2074680113077015,-0.004531863303580987,0.0011723642548989181,0.00020493350793683932,-0.7046199928216912,-0.055162300329484354,0.7937096341125641,0.0,0.0,0.0,0.0,0.0,0.0,0.0,0.0,0.0,0.0
1.2284541130065918,-0.038031470231178505,-0.04268983933499488,0.21768109159382312,-0.0044287159452432,0.001649917475297174,0.002200117911255105,-0.7400366799809244,-0.0585319380365802,0.8332427229249403,0.0,0.0,0.0,0.0,0.0,0.0,0.0,0.0,0.0,0.0
1.2389700412750244,-0.03695492563752969,-0.041405926707229625,0.21127427715211158,-0.004608401461431668,0.002049663437694038,0.002756934589169809,-0.7191020861236856,-0.05762618066591975,0.8092651014937549,0.0,0.0,0.0,0.0,0.0,0.0,0.0,0.0,0.0,0.0
1.2492876052856445,-0.03567025279916443,-0.03995210363903466,0.20372916882234438,-0.0017885750578699616,-0.0008116465409042325,-0.008978224543960387,-0.6941403355497485,-0.05533844044484244,0.7808424920737451,0.0,0.0,0.0,0.0,0.0,0.0,0.0,0.0,0.0,0.0
1.2597942352294922,-0.03686013473779743,-0.04130700119457559,0.21035122102813106,-0.00010446313935901451,-0.002550672052695774,-0.01597022169197571,-0.7172880435464397,-0.056239931238569296,0.8066268162310375,0.0,0.0,0.0,0.0,0.0,0.0,0.0,0.0,0.0,0.0
1.2703347206115723,-0.037098143339362344,-0.04155782753046896,0.21155067636796163,-0.001442795665049637,-0.00048459051326080237,-0.006905394152726582,-0.7219174974029022,-0.056412218045963115,0.8116022983908262,0.0,0.0,0.0,0.0,0.0,0.0,0.0,0.0,0.0,0.0
1.281062126159668,-0.03826183334956311,-0.04282255444941295,0.21805419141299176,-0.002064256792184045,0.0009205210357973085,-0.0008651546347736095,-0.7446145832503284,-0.05851776005840555,0.8369058051669745,0.0,0.0,0.0,0.0,0.0,0.0,0.0,0.0,0.0,0.0
1.2915613651275635,-0.03672053268296692,-0.041058574952191985,0.2092123172103726,-0.001538265407477834,0.0013410396780491932,0.0032985112686911423,-0.7148539135279841,-0.05685724183735775,0.8032217305444604,0.0,0.0,0.0,0.0,0.0,0.0,0.0,0.0,0.0,0.0
1.3020434379577637,-0.03650272013902583,-0.04084620286390439,0.20802267667331392,0.0018824937787538024,-0.001673573632507119,-0.005677646569463936,-0.7110157779387083,-0.0563662615178784,0.7987006370301306,0.0,0.0,0.0,0.0,0.0,0.0,0.0,0.0,0.0,0.0
1.312716007232666,-0.03758015926026762,-0.0421763268077662,0.2142595229219028,0.005835647442644383,-0.006184179719933059,-0.023818374629047154,-0.7322532927352712,-0.05614772472118197,0.8225271061212442,0.0,0.0,0.0,0.0,0.0,0.0,0.0,0.0,0.0,0.0
1.323254108428955,-0.03658635386795789,-0.041218365312852265,0.2086639927264461,0.006967848061769311,-0.007932426793591005,-0.03274914023128997,-0.7128480637188741,-0.05185679189369848,0.8008840909069121,0.0,0.0,0.0,0.0,0.0,0.0,0.0,0.0,0.0,0.0
1.333848476409912,-0.03681819237544136,-0.04159128502829161,0.2100235540405862,0.004939727631264384,-0.005749421472634495,-0.024347490822586644,-0.7172738086415552,-0.05009906017855711,0.806012729993384,0.0,0.0,0.0,0.0,0.0,0.0,0.0,0.0,0.0,0.0
1.3447506427764893,-0.03865037428090521,-0.04367551502918307,0.22046703152974353,0.000772604492014029,-0.0010389446388000133,-0.004897190567587176,-0.7529325502292352,-0.052259977607605805,0.8461426784253457,0.0,0.0,0.0,0.0,0.0,0.0,0.0,0.0,0.0,0.0
1.355315923690796,-0.03639400640327121,-0.04107437249080678,0.20755016512575458,-0.0022501880664965363,0.002216458448003388,0.00861374848773664,-0.7089304870765084,-0.050025387285806654,0.7966971289500171,0.0,0.0,0.0,0.0,0.0,0.0,0.0,0.0,0.0,0.0
1.3657150268554688,-0.03530426996360196,-0.039759649444761874,0.20127149435109395,-0.003800798528605205,0.0038769431409172665,0.0157353241803141,-0.6876743500136486,-0.04995153993287251,0.7727657915297539,0.0,0.0,0.0,0.0,0.0,0.0,0.0,0.0,0.0,0.0
1.3763105869293213,-0.036535453962970095,-0.04110635758711156,0.20824874891180273,-0.0019086936078643655,0.0017638953676026871,0.007079007823152746,-0.7116353200344829,-0.05233399894668235,0.7996661428363014,0.0,0.0,0.0,0.0,0.0,0.0,0.0,0.0,0.0,0.0
1.3867640495300293,-0.0356258378148431,-0.04020854279894309,0.20357817683758425,0.008233984638502043,-0.002587659908424677,0.0024031650162553344,-0.6940693124964179,-0.04987522477333595,0.7806222122160887,0.0,0.0,0.0,0.0,0.0,0.0,0.0,0.0,0.0,0.0
1.3978962898254395,-0.039662863836943965,-0.04508604422385003,0.2281217300796844,0.022603769834711584,-0.005506851375182633,0.015398228642834032,-0.7732062436492644,-0.05297255804935036,0.8715549876340398,0.0,0.0,0.0,0.0,0.0,0.0,0.0,0.0,0.0,0.0
1.4084980487823486,-0.03602850627601183,-0.04119008741676323,0.20840932833753587,0.018036865833959255,-0.0032004434942717727,0.019448144995857973,-0.7027594231709878,-0.046503506561960034,0.7936887433297171,0.0,0.0,0.0,0.0,0.0,0.0,0.0,0.0,0.0,0.0
1.418964147567749,-0.0350370545542987,-0.040097637407329384,0.20309958275327636,0.005895005810847607,0.0010753129058358377,0.019141738906243967,-0.6835664735972333,-0.045437971662866054,0.7725531551487335,0.0,0.0,0.0,0.0,0.0,0.0,0.0,0.0,0.0,0.0
1.4295167922973633,-0.03557053879735702,-0.04065447201431801,0.20623188290351402,-0.00018878446358363058,0.002974766549038056,0.018160774136176713,-0.6938486776875733,-0.04718956094974652,0.7842794741843433,0.0,0.0,0.0,0.0,0.0,0.0,0.0,0.0,0.0,0.0
1.4399170875549316,-0.03479319394820469,-0.03962814407211062,0.20155296694122096,-0.005034896414622432,0.005601823814437849,0.024622137403050828,-0.676943825583,-0.047316886631729234,0.766047753052629,0.0,0.0,0.0,0.0,0.0,0.0,0.0,0.0,0.0,0.0
1.4503014087677002,-0.03497393150686598,-0.03961196443686094,0.20218899033087256,-0.010742241431470748,0.007409270578399756,0.03288635842791101,-0.674582127710226,-0.04779364093316154,0.7664664226173017,0.0,0.0,0.0,0.0,0.0,0.0,0.0,0.0,0.0,0.0
1.460977554321289,-0.0370046086406316,-0.0418058150305251,0.21397461360477368,-0.00476658595112721,0.0036906120057459374,0.03902884774408138,-0.7051604912953314,-0.049178256575773495,0.8064204827139438,0.0,0.0,0.0,0.0,0.0,0.0,0.0,0.0,0.0,0.0
1.4713430404663086,-0.03515924475361948,-0.039790698162937226,0.20406504540520648,0.00611388049120117,0.00014075970400056212,0.039249127325649134,-0.6632755510767695,-0.04448216024808988,0.7637311397916797,0.0,0.0,0.0,0.0,0.0,0.0,0.0,0.0,0.0,0.0
1.4818203449249268,-0.03596204631648731,-0.040690593141578524,0.20917179612091238,0.0009522284892802277,0.0026597768688382513,0.03433377645947319,-0.6734197666537325,-0.04401881062549855,0.7794328461031317,0.0,0.0,0.0,0.0,0.0,0.0,0.0,0.0,0.0,0.0
1.492323637008667,-0.03634591636109221,-0.04093817286780727,0.21115154705928943,-0.010273259634506763,0.007505303695977234,0.029763981174310276,-0.6785424724710752,-0.045984187773883356,0.7865368435979153,0.0,0.0,0.0,0.0,0.0,0.0,0.0,0.0,0.0,0.0
1.5028367042541504,-0.03664397998603198,-0.0409954944348765,0.2123103626512164,-0.015472176296127294,0.010693228630691606,0.027978686810877108,-0.685600864622358,-0.05074867191667554,0.7930189760634732,0.0,0.0,0.0,0.0,0.0,0.0,0.0,0.0,0.0,0.0
1.5135648250579834,-0.03820026273539788,-0.042413339840376214,0.22057804823415222,-0.018038775351039385,0.012326776020586652,0.02517254095691639,-0.7184656769531588,-0.05893195089751982,0.8275524915194417,0.0,0.0,0.0,0.0,0.0,0.0,0.0,0.0,0.0,0.0
1.5241897106170654,-0.037637161693997584,-0.04147821285558107,0.2165636747124788,-0.01733143885854295,0.011795809487117344,0.020188994595718473,-0.7125567536271136,-0.06434983763039574,0.8166181210340502,0.0,0.0,0.0,0.0,0.0,0.0,0.0,0.0,0.0,0.0
1.5346226692199707,-0.03647286273977388,-0.0399256916221557,0.20917248949105724,-0.015050844360670484,0.010137095031309997,0.015143946519295553,-0.6952410642100963,-0.06814266094389937,0.7927268514602093,0.0,0.0,0.0,0.0,0.0,0.0,0.0,0.0,0.0,0.0
1.545440673828125,-0.038957817217987425,-0.04242347493847861,0.222851172832835,-0.012383176439310514,0.008443613569816127,0.011819068839189852,-0.7472597802035473,-0.07802683229900328,0.8482230258526771,0.0,0.0,0.0,0.0,0.0,0.0,0.0,0.0,0.0,0.0
1.555959701538086,-0.03699431604436988,-0.04015133162591973,0.2112945354447261,-0.007405427310095192,0.005346497199230226,0.0076826645411894896,-0.7132915280840587,-0.07786635814299721,0.8068116330942354,0.0,0.0,0.0,0.0,0.0,0.0,0.0,0.0,0.0,0.0
1.5665326118469238,-0.03728297419824958,-0.0403706388955955,0.2127116111741753,-0.005247412092087899,0.003770232446420091,0.004877494407506141,-0.7218645892297285,-0.08136099487804298,0.814219673257108,0.0,0.0,0.0,0.0,0.0,0.0,0.0,0.0,0.0,0.0
1.577150583267212,-0.03755142532332251,-0.04058052587663896,0.21401576272788983,-0.0046540233007548,0.0030225087789964925,0.0026333977208447745,-0.7294626872990312,-0.08422211052921849,0.8208962454917892,0.0,0.0,0.0,0.0,0.0,0.0,0.0,0.0,0.0,0.0
1.5876309871673584,-0.03668292658124454,-0.03958086628964405,0.20887273118312089,-0.0036336727825884594,0.002133160610883545,0.0007801779233352517,-0.7143463995778754,-0.0838983923796928,0.8024643674205598,0.0,0.0,0.0,0.0,0.0,0.0,0.0,0.0,0.0,0.0
1.598372220993042,-0.03835476986719165,-0.04133931484160422,0.21823046700220178,-0.0027975659003274807,0.0014682904775156999,-0.0005036339236441554,-0.7481927194168262,-0.08887572992183937,0.8394189921256836,0.0,0.0,0.0,0.0,0.0,0.0,0.0,0.0,0.0,0.0
1.6091408729553223,-0.038499072222390344,-0.041458424333174704,0.21881810580463953,-0.0030935203079496213,0.00021674057348132855,-0.004994948172150494,-0.750278908944307,-0.08874549114562147,0.8419607352774964,0.0,0.0,0.0,0.0,0.0,0.0,0.0,0.0,0.0,0.0
1.6197388172149658,-0.037343220887049486,-0.040183973493105256,0.211898356436738,-0.0038691042309053816,-0.0013237362100745724,-0.010841252466395997,-0.7243471836333273,-0.0835098542480598,0.814722161905945,0.0,0.0,0.0,0.0,0.0,0.0,0.0,0.0,0.0,0.0
1.6304779052734375,-0.03815727874766067,-0.04106515283127002,0.21632088938617158,-0.0013952083455571406,-0.001986735498430321,-0.009915806566656762,-0.7367355661789746,-0.08252826553244225,0.8307246332493137,0.0,0.0,0.0,0.0,0.0,0.0,0.0,0.0,0.0,0.0
1.6409306526184082,-0.03625588901363252,-0.03906979611397304,0.20566171739386147,0.002779105183068706,-0.0017372382050750501,-0.003899877679464696,-0.6985470097649022,-0.07680565499511238,0.7888335049641959,0.0,0.0,0.0,0.0,0.0,0.0,0.0,0.0,0.0,0.0
1.651357650756836,-0.03606762098224205,-0.03896730898403332,0.2048985613463553,0.005498328097509332,-0.003429592911436852,-0.0022229380546162224,-0.6928367538043734,-0.07471521851356125,0.7839290603451183,0.0,0.0,0.0,0.0,0.0,0.0,0.0,0.0,0.0,0.0
1.6617991924285889,-0.036211057183664186,-0.03927287340613884,0.2061125823920157,0.007248785181796531,-0.006347031915974124,-0.0032916122208645035,-0.6914618568533661,-0.07251427826924896,0.7850183875032121,0.0,0.0,0.0,0.0,0.0,0.0,0.0,0.0,0.0,0.0
1.6720950603485107,-0.03544091167611894,-0.03855430322810137,0.20204014394111652,0.005475331812799505,-0.005078229894314282,-0.0016068510013311091,-0.6736918325497149,-0.06935270111144301,0.7667371703373332,0.0,0.0,0.0,0.0,0.0,0.0,0.0,0.0,0.0,0.0
1.6824524402618408,-0.036054142167558326,-0.03926060634691219,0.20567296373659166,0.0020040321508255606,-0.0014856500986167908,0.0015521290879912432,-0.6850133016935172,-0.0706788357960523,0.7797723175703404,0.0,0.0,0.0,0.0,0.0,0.0,0.0,0.0,0.0,0.0
1.692929983139038,-0.03707220352360773,-0.04035555344662911,0.21149525756673376,-0.0003649223523001852,0.0009605966921721369,0.0034284423169453253,-0.7058045762060119,-0.07391013434598875,0.8024506723987848,0.0,0.0,0.0,0.0,0.0,0.0,0.0,0.0,0.0,0.0
1.703368902206421,-0.037042740342205005,-0.04027613534142521,0.21125568717463708,-0.0019401332730560154,0.0024544834815615054,0.004201417721242666,-0.7076760616931467,-0.07567476433361961,0.8029600966395714,0.0,0.0,0.0,0.0,0.0,0.0,0.0,0.0,0.0,0.0
1.7141265869140625,-0.0392351396361295,-0.04259401986895348,0.22358607751058165,-0.0032579148657481335,0.0028180537600112814,0.0020946434419752222,-0.7511324770245854,-0.08120508654184985,0.8512155933662175,0.0,0.0,0.0,0.0,0.0,0.0,0.0,0.0,0.0,0.0
1.724691390991211,-0.03796650555094375,-0.04117019398649324,0.21616951937087792,-0.0027749065720691205,0.0015295909985695278,-0.0018513130823122198,-0.7261523671412196,-0.07771281158570521,0.8234098802253176,0.0,0.0,0.0,0.0,0.0,0.0,0.0,0.0,0.0,0.0
1.735185146331787,-0.037446253299309694,-0.04050678129255616,0.21298797548586995,-0.0036502061495539036,0.005594083848632136,0.0002139536612083318,-0.7156247444958426,-0.07230306470868014,0.8093853533958422,0.0,0.0,0.0,0.0,0.0,0.0,0.0,0.0,0.0,0.0
1.7459282875061035,-0.03899710483025028,-0.042008660441123974,0.22143039316805452,-0.0052647745646499464,0.011419961967566615,-0.0060429445473604475,-0.7463509563666852,-0.06566600115059645,0.8366723514740045,0.0,0.0,0.0,0.0,0.0,0.0,0.0,0.0,0.0,0.0
1.7564623355865479,-0.03748147197138674,-0.04035785598522702,0.21252165161016445,0.0008327029118667425,0.003592100802154854,-0.03411400363331582,-0.7191252837846981,-0.05285986616996894,0.7991684185360185,0.0,0.0,0.0,0.0,0.0,0.0,0.0,0.0,0.0,0.0
1.766956090927124,-0.03702056736616367,-0.04002054758057341,0.20981121432647312,0.0070399909330715275,-0.0061151683955492295,-0.05011910758387807,-0.7122611196514804,-0.045536843879878296,0.7880142751416703,0.0,0.0,0.0,0.0,0.0,0.0,0.0,0.0,0.0,0.0
1.7779757976531982,-0.04022294004507238,-0.04363167311766233,0.22785047939709768,0.004923841687401621,-0.007256552983304359,-0.039131054580339664,-0.7745022769416106,-0.04637600929233121,0.8564975352320412,0.0,0.0,0.0,0.0,0.0,0.0,0.0,0.0,0.0,0.0
1.7884597778320312,-0.036561256119002586,-0.03976858883674052,0.20692220114393006,0.0017595093599120685,-0.007174084280589874,-0.027256848913052745,-0.7021523586140386,-0.04084931463283499,0.7790365547637644,0.0,0.0,0.0,0.0,0.0,0.0,0.0,0.0,0.0,0.0
1.799156904220581,-0.03767331664630185,-0.041189615964522384,0.21313511238567837,0.006149416621025425,-0.012350768259897083,-0.04093817533071786,-0.7216586877377185,-0.04076019034478852,0.8041860307603712,0.0,0.0,0.0,0.0,0.0,0.0,0.0,0.0,0.0,0.0
1.8098468780517578,-0.037410554823867875,-0.04115818986044212,0.21174226209913155,0.009247735222749109,-0.013472840143007567,-0.04139309088347397,-0.7165137454595709,-0.040444624666421874,0.8012724412411267,0.0,0.0,0.0,0.0,0.0,0.0,0.0,0.0,0.0,0.0
1.8203275203704834,-0.03594257681798563,-0.03974824458640964,0.20364428400647,0.00826978539470245,-0.010069416569101916,-0.024745851374509208,-0.6895813476343193,-0.04077217493158585,0.7730820907188006,0.0,0.0,0.0,0.0,0.0,0.0,0.0,0.0,0.0,0.0
1.8313374519348145,-0.039125086275882855,-0.043455129448791194,0.22201596044732716,0.00872052119453893,-0.008580604121640693,-0.014564303885319058,-0.7529340621815638,-0.04769765059758819,0.8453661769352239,0.0,0.0,0.0,0.0,0.0,0.0,0.0,0.0,0.0,0.0
1.8420131206512451,-0.03686535228895806,-0.04101838548161131,0.20945921423904984,0.00437340776480346,-0.003455960284260647,0.003341527915058982,-0.7105471606966642,-0.04850827582883266,0.7992421741047676,0.0,0.0,0.0,0.0,0.0,0.0,0.0,0.0,0.0,0.0
1.8526363372802734,-0.036445492585487675,-0.04053015307334377,0.2072444332043392,-0.0003863076257141074,-0.000379780505262336,0.02130897091194867,-0.6991148545076706,-0.05021572661962161,0.7899799813268125,0.0,0.0,0.0,0.0,0.0,0.0,0.0,0.0,0.0,0.0
1.8631813526153564,-0.03595524607699931,-0.03997150849400131,0.2047360364753125,-0.0005160217456200843,-0.0013056762728208137,0.03193595403203992,-0.6830469706849279,-0.05039535410814208,0.7769171411586937,0.0,0.0,0.0,0.0,0.0,0.0,0.0,0.0,0.0,0.0
1.8735597133636475,-0.03500581299694653,-0.03891912778788468,0.19983453552352604,0.0018249677402968564,-7.324901481573962e-05,0.03946856926872702,-0.6602783653318869,-0.05064044256440656,0.7548681686325028,0.0,0.0,0.0,0.0,0.0,0.0,0.0,0.0,0.0,0.0
1.883885145187378,-0.03483904124832522,-0.03874306111901344,0.19961772820016244,0.0046101162780365496,0.002674533318812504,0.04530038904080316,-0.656064249514949,-0.05295541615248164,0.7518501712886497,0.0,0.0,0.0,0.0,0.0,0.0,0.0,0.0,0.0,0.0
1.8945839405059814,-0.03733026173878809,-0.04152759265237641,0.2148181638547809,0.006956800342144065,0.004969222158051972,0.05090989112163471,-0.7044991889720943,-0.059698462783620086,0.8076995405526397,0.0,0.0,0.0,0.0,0.0,0.0,0.0,0.0,0.0,0.0
1.9049575328826904,-0.035448073645449496,-0.03943510135149031,0.20477922710980792,0.0062591133381174864,0.005699797329036865,0.04276738317004038,-0.6717318184990075,-0.05958479866354614,0.7694782851407669,0.0,0.0,0.0,0.0,0.0,0.0,0.0,0.0,0.0,0.0
1.9155542850494385,-0.036951211173420845,-0.04109991306185513,0.21410392777284026,0.005234221231278147,0.005571763563908505,0.03456551960459674,-0.7035419869538238,-0.06509474531120799,0.8047019117356708,0.0,0.0,0.0,0.0,0.0,0.0,0.0,0.0,0.0,0.0
1.9267358779907227,-0.040680929071081784,-0.04524171718160113,0.23624545814520936,0.0046071360242965955,0.004959174951341619,0.028110155016323603,-0.7782001735769147,-0.07461449780636405,0.8885402917093833,0.0,0.0,0.0,0.0,0.0,0.0,0.0,0.0,0.0,0.0
1.9374847412109375,-0.037685321189870266,-0.04187265327318518,0.21906880443839188,0.0012806965305011974,0.0043905414519431136,0.01742995690030441,-0.7240900822093989,-0.07173071327023214,0.8250816948957627,0.0,0.0,0.0,0.0,0.0,0.0,0.0,0.0,0.0,0.0
1.9481863975524902,-0.03717096318950999,-0.04118236448867629,0.21576891605868953,-0.005347243670625152,0.004720621377516461,0.005504081678225713,-0.7156208736879466,-0.07239235754670985,0.814285436429611,0.0,0.0,0.0,0.0,0.0,0.0,0.0,0.0,0.0,0.0
1.9590160846710205,-0.037869520682299665,-0.04175848926584342,0.21887994780067704,-0.012922655148661083,0.003778586048385546,-0.010510110542478567,-0.7261563942430527,-0.07248299898302629,0.8272765808136952,0.0,0.0,0.0,0.0,0.0,0.0,0.0,0.0,0.0,0.0
1.969541072845459,-0.03596435214886517,-0.039443187406998495,0.20668540196268365,-0.015471554050384086,0.0026046803604602136,-0.01859764449623483,-0.684510735931444,-0.06596946676899255,0.7820037838029074,0.0,0.0,0.0,0.0,0.0,0.0,0.0,0.0,0.0,0.0
1.9800639152526855,-0.03604500958962175,-0.039325412585871335,0.20608654136287716,-0.014187878735244214,0.0033180107998866015,-0.014922608267224049,-0.6829419992168723,-0.06478160456102956,0.7811078853749892,0.0,0.0,0.0,0.0,0.0,0.0,0.0,0.0,0.0,0.0
1.990379810333252,-0.03498033826550557,-0.03799018076145143,0.1992320201691116,-0.010825768530264865,0.004105331125319463,-0.007291767348329004,-0.6626950959083523,-0.06373556245940311,0.7570748744961096,0.0,0.0,0.0,0.0,0.0,0.0,0.0,0.0,0.0,0.0
2.000730037689209,-0.03549918905869366,-0.03841259358350489,0.2016538190747801,-0.008047952199171777,0.004265411297130125,-0.002095513148404742,-0.6742743188317388,-0.06681754670344899,0.7684280220763524,0.0,0.0,0.0,0.0,0.0,0.0,0.0,0.0,0.0,0.0
2.0112903118133545,-0.037157500082789834,-0.04009783961636706,0.2107309973238709,-0.005727436854248034,0.004020001644771292,0.001568510167179705,-0.7086043163202845,-0.07276421377453716,0.8051487096027036,0.0,0.0,0.0,0.0,0.0,0.0,0.0,0.0,0.0,0.0
2.021637201309204,-0.03610854001310294,-0.03889034833570109,0.2045994736959827,-0.0035969238617013692,0.0033517564311057284,0.003624999663891745,-0.6917274112130268,-0.07358929402284842,0.7835666726141536,0.0,0.0,0.0,0.0,0.0,0.0,0.0,0.0,0.0,0.0
2.032025098800659,-0.03663625790556424,-0.03940475039367398,0.20750767502992573,-0.002208577206847936,0.0029202765595507476,0.004701802205394961,-0.704953777895515,-0.07742037538530674,0.796284796984043,0.0,0.0,0.0,0.0,0.0,0.0,0.0,0.0,0.0,0.0
2.042530059814453,-0.037617637968491956,-0.0404327270044188,0.21304814412401912,-0.0009628742369181501,0.001815486798300201,0.0033715519169232287,-0.7253455344843752,-0.08088748180599817,0.8182469952039825,0.0,0.0,0.0,0.0,0.0,0.0,0.0,0.0,0.0,0.0
2.052983045578003,-0.037415756048173085,-0.04024643858579638,0.21203704924896336,0.0019890720526583553,-0.0005520748882657257,0.0008438425494013401,-0.720396330966883,-0.07953889244508888,0.8135490828563887,0.0,0.0,0.0,0.0,0.0,0.0,0.0,0.0,0.0,0.0
2.0638532638549805,-0.04010579342230293,-0.043260518547338624,0.22776001137696197,0.007598285758447881,-0.003106200926614662,0.0020714409039393755,-0.7707071334746316,-0.08341505973604056,0.8719849571417261,0.0,0.0,0.0,0.0,0.0,0.0,0.0,0.0,0.0,0.0
2.0742757320404053,-0.03698283393232495,-0.04005475437235115,0.21069848861842883,0.010459736732104938,-0.0040067810385221985,0.004113892225658855,-0.7104339039935558,-0.07569048241153857,0.8048064607251973,0.0,0.0,0.0,0.0,0.0,0.0,0.0,0.0,0.0,0.0
2.08471417427063,-0.036893708625227825,-0.04010198467324787,0.21079826120671927,0.009198189344718095,-0.00335158398712127,0.004071177812994516,-0.7092806350478837,-0.07499815005316748,0.8038548840149372,0.0,0.0,0.0,0.0,0.0,0.0,0.0,0.0,0.0,0.0
2.095442056655884,-0.03862939527939732,-0.042063907473434844,0.2210673001676176,0.004965102962564008,-0.0013204264530230086,0.0033912320466629848,-0.7439441046966371,-0.07899824702830839,0.8426651920871441,0.0,0.0,0.0,0.0,0.0,0.0,0.0,0.0,0.0,0.0
2.105760097503662,-0.03594046616139682,-0.03913569291186468,0.20565705135133294,-0.00043786719505223086,-6.154393888910912e-05,-0.0013220145982491723,-0.6922967567065605,-0.07354603840117287,0.7840225794968061,0.0,0.0,0.0,0.0,0.0,0.0,0.0,0.0,0.0,0.0
2.116107702255249,-0.03616932286318395,-0.039338999723299274,0.20663359219511962,-0.004504138656631261,-0.00017769853392605268,-0.00781306372271866,-0.694667534579994,-0.07266821451788898,0.7876764571309449,0.0,0.0,0.0,0.0,0.0,0.0,0.0,0.0,0.0,0.0
2.1267926692962646,-0.038429961209089446,-0.04172799597868988,0.21912466544211268,-0.006017263762622552,0.0004518255852921014,-0.008069718570011038,-0.736196015054646,-0.0761510033170627,0.8355303775907914,0.0,0.0,0.0,0.0,0.0,0.0,0.0,0.0,0.0,0.0
2.1371171474456787,-0.036197622010444463,-0.03923507257906271,0.20608653338008592,-0.00492177420190575,0.0015111381335070877,-0.0032027739899997973,-0.6934194096368147,-0.07214556402725351,0.7866063883225526,0.0,0.0,0.0,0.0,0.0,0.0,0.0,0.0,0.0,0.0
2.1475491523742676,-0.03696921835055064,-0.04000424390215806,0.21024378362814689,-0.004178366400566604,0.0020814724576870705,-0.00012578581377889204,-0.7093445428172517,-0.07500251513082776,0.8035961581174843,0.0,0.0,0.0,0.0,0.0,0.0,0.0,0.0,0.0,0.0
2.1579554080963135,-0.03690813333633776,-0.0398970196377821,0.20979316119735195,-0.0022623780281768114,0.0016119865436200836,0.0019638036310729062,-0.7098867386949861,-0.07648186046275944,0.8029109269336565,0.0,0.0,0.0,0.0,0.0,0.0,0.0,0.0,0.0,0.0
2.1682701110839844,-0.03641979040871522,-0.03936645841400527,0.20707328756252852,0.0002652449820089079,0.0006274264066329404,0.003104733287537219,-0.7023062398121444,-0.07690594499520151,0.7931699297012342,0.0,0.0,0.0,0.0,0.0,0.0,0.0,0.0,0.0,0.0
2.17864990234375,-0.036925027879456784,-0.03997283078926439,0.21005851358770228,0.0032435895277011014,-0.0022189747498307516,-0.008238002777273221,-0.7137978476104461,-0.07831232544107403,0.8050991315667959,0.0,0.0,0.0,0.0,0.0,0.0,0.0,0.0,0.0,0.0
2.188983678817749,-0.03667025391359109,-0.03988346006662249,0.2087173361932758,0.00842245148588556,-0.008788440170306026,-0.0379705706380271,-0.7103645191245098,-0.07548495465059259,0.8003607744219912,0.0,0.0,0.0,0.0,0.0,0.0,0.0,0.0,0.0,0.0
2.199286460876465,-0.03648737367675562,-0.03993182524177624,0.20776437671495693,0.010763293465298194,-0.012085938942365948,-0.05313346883340302,-0.7080017253416746,-0.07137984975886788,0.7970270760889011,0.0,0.0,0.0,0.0,0.0,0.0,0.0,0.0,0.0,0.0
2.2099831104278564,-0.03901433259314349,-0.04293395412581363,0.22225428974538286,0.010261786007054822,-0.01140314529926979,-0.04914088922292738,-0.7582401448152235,-0.07287806109719133,0.8529054458130152,0.0,0.0,0.0,0.0,0.0,0.0,0.0,0.0,0.0,0.0
2.2202775478363037,-0.03627458693657869,-0.04018507580275791,0.20685285438246803,0.011709293274703917,-0.012164458326037454,-0.04762764174483314,-0.7063463169090607,-0.06424481750781573,0.7938742462162596,0.0,0.0,0.0,0.0,0.0,0.0,0.0,0.0,0.0,0.0
2.2307045459747314,-0.03693056710267141,-0.04125826552021436,0.21092225812395832,0.015296696225940076,-0.015385962969097134,-0.05670188433837303,-0.720645483179615,-0.060912101268376734,0.8093113326505625,0.0,0.0,0.0,0.0,0.0,0.0,0.0,0.0,0.0,0.0
2.2410521507263184,-0.03628405946202712,-0.040824730701432915,0.2075272678157171,0.012605542556730165,-0.012515680409135954,-0.04455715623455999,-0.7093074848950058,-0.05620711465910308,0.7960692527066986,0.0,0.0,0.0,0.0,0.0,0.0,0.0,0.0,0.0,0.0
2.251380443572998,-0.03610813793901406,-0.04077853909998787,0.20666752335867494,0.006228853198151717,-0.006363833304763552,-0.02272050675689223,-0.7065977183196231,-0.05404145707249934,0.7927084576425161,0.0,0.0,0.0,0.0,0.0,0.0,0.0,0.0,0.0,0.0
2.261808395385742,-0.03672866223938769,-0.041578585098896115,0.21023633644288942,0.0035192220414080335,-0.00444689549736957,-0.019586458011798546,-0.7188430883656102,-0.05319667848573961,0.8064029368622473,0.0,0.0,0.0,0.0,0.0,0.0,0.0,0.0,0.0,0.0
2.272373914718628,-0.03758109322356712,-0.04259822732093621,0.21504478624541237,0.0014755881325588399,-0.0027504915727456112,-0.016172799941635882,-0.7351735883070092,-0.05287017826115868,0.8248817504697005,0.0,0.0,0.0,0.0,0.0,0.0,0.0,0.0,0.0,0.0
2.2827558517456055,-0.03637882161626148,-0.04119869363203452,0.2080299833344133,-0.0022590311604086307,0.0013541742877607912,-0.0006650369225759904,-0.7111224156707996,-0.051012309550165884,0.7980937759602362,0.0,0.0,0.0,0.0,0.0,0.0,0.0,0.0,0.0,0.0
2.293278455734253,-0.037213787076663125,-0.04212659855253844,0.2127077828785939,-0.0011746695858353253,0.00039735594967876104,-0.002973174758929222,-0.7270327703328989,-0.05188266067808904,0.8161132654342083,0.0,0.0,0.0,0.0,0.0,0.0,0.0,0.0,0.0,0.0
2.3037569522857666,-0.03682206595363895,-0.041755939326368216,0.2104856605955282,0.003031238033956324,-0.0037086874976012887,-0.01600056010177429,-0.7193394413016634,-0.049979585985433714,0.8075329731557315,0.0,0.0,0.0,0.0,0.0,0.0,0.0,0.0,0.0,0.0
2.3142435550689697,-0.036749502621741904,-0.041747053633459055,0.21017022830398158,0.003573880907964547,-0.0032479497803211054,-0.011151451716394922,-0.7179359396700992,-0.048805578143498236,0.8060865739225846,0.0,0.0,0.0,0.0,0.0,0.0,0.0,0.0,0.0,0.0
2.324720859527588,-0.036598285787671145,-0.0415846519662943,0.20944313939267703,0.0013815032976623755,0.0003382258428233432,0.005088041983074483,-0.7147208900296509,-0.048623839693845546,0.8028372415124332,0.0,0.0,0.0,0.0,0.0,0.0,0.0,0.0,0.0,0.0
2.3351945877075195,-0.03649488895493437,-0.04148299007549945,0.2089848658346969,0.0016105878404533522,-2.3948369821824838e-05,0.003395990332133953,-0.7124295710081927,-0.048356408602319045,0.8006149534429365,0.0,0.0,0.0,0.0,0.0,0.0,0.0,0.0,0.0,0.0
2.34568452835083,-0.03650898503669954,-0.041571088009940374,0.2091806822037799,0.003633316063242606,-0.003069701411074131,-0.009903766862688627,-0.7126843618844334,-0.04733558629029109,0.8010569784847966,0.0,0.0,0.0,0.0,0.0,0.0,0.0,0.0,0.0,0.0
2.356180429458618,-0.036465229704724406,-0.04160983588212102,0.2089731685943064,0.003823766361179706,-0.004375059871177209,-0.017820307750993386,-0.7117606638780811,-0.04568731170192066,0.8001259383213768,0.0,0.0,0.0,0.0,0.0,0.0,0.0,0.0,0.0,0.0
2.3665740489959717,-0.035801896758540064,-0.04087014511141847,0.20509393294770709,0.0003180595529699603,-0.0014520330342999185,-0.009249300943533333,-0.6985109411153132,-0.04407296417226155,0.7853475553120952,0.0,0.0,0.0,0.0,0.0,0.0,0.0,0.0,0.0,0.0
2.3773491382598877,-0.03821391036747517,-0.043533193661141334,0.21873840101351735,-0.0045211879958562155,0.0035937773135237576,0.00933753436308083,-0.7451708404039373,-0.04793054212460753,0.8378733092867651,0.0,0.0,0.0,0.0,0.0,0.0,0.0,0.0,0.0,0.0
2.387831687927246,-0.03632101892349507,-0.04129413329625077,0.20772442688567974,-0.004405156826838182,0.0033936383765279955,0.008015534383406353,-0.7078684857647372,-0.04628484087278486,0.7959909346295438,0.0,0.0,0.0,0.0,0.0,0.0,0.0,0.0,0.0,0.0
2.3984198570251465,-0.03689364635213131,-0.041930730188694254,0.21084439663017318,-0.0017069164534641648,0.00020689705590100544,-0.005109309593957339,-0.7186502430491396,-0.046527805976158444,0.8081976133961297,0.0,0.0,0.0,0.0,0.0,0.0,0.0,0.0,0.0,0.0
2.409050226211548,-0.03708322410840951,-0.04211480083554782,0.21177417920340402,-0.002401881377016029,0.0010321746999519372,-0.0009476314023452394,-0.7220560942507533,-0.04667136580155065,0.812038720952171,0.0,0.0,0.0,0.0,0.0,0.0,0.0,0.0,0.0,0.0
2.4194986820220947,-0.03591557313486987,-0.040688850081829736,0.20494383131460156,-0.005047244696274266,0.004300182290553553,0.013467213144974882,-0.6991374926812753,-0.04645693336800154,0.786184970573114,0.0,0.0,0.0,0.0,0.0,0.0,0.0,0.0,0.0,0.0
2.430809497833252,-0.0412928345531549,-0.046694464979987894,0.2354800440516994,-0.004379912149361158,0.003669850331334782,0.010972089402867181,-0.8036111421947213,-0.05444137728385716,0.9036224691164042,0.0,0.0,0.0,0.0,0.0,0.0,0.0,0.0,0.0,0.0
2.4414284229278564,-0.03657248904238073,-0.041366990456033266,0.20849530279593537,-0.00011728895663472088,-0.0007277967695029185,-0.0057320862388761966,-0.7115766975426898,-0.047694892389232954,0.8001833381751372,0.0,0.0,0.0,0.0,0.0,0.0,0.0,0.0,0.0,0.0
2.451840877532959,-0.03504097117978986,-0.039657390693928124,0.19978793834177744,0.0008480415339162461,-0.0007530749734827497,-0.0026996968990661173,-0.6816241175041716,-0.04524516693880641,0.7666482372116643,0.0,0.0,0.0,0.0,0.0,0.0,0.0,0.0,0.0,0.0
2.462324857711792,-0.03541633595755117,-0.040040309048931876,0.20213886040539,-0.0006275489147159762,0.0037594440080797415,0.023642621383748983,-0.688718070417307,-0.04705488516655316,0.7750297306713344,0.0,0.0,0.0,0.0,0.0,0.0,0.0,0.0,0.0,0.0
2.4727587699890137,-0.03521573474845775,-0.03969541213422011,0.20131162164262287,-0.003058965815146057,0.00826873496496517,0.04779340250086648,-0.6833661258946393,-0.049051886299982736,0.7703814242722373,0.0,0.0,0.0,0.0,0.0,0.0,0.0,0.0,0.0,0.0
2.4838101863861084,-0.039193788926625554,-0.04399477193025225,0.22435073978900058,-0.006022714487462514,0.011518107477166032,0.062540748020907,-0.7569456818051569,-0.056603650946249584,0.8561551183079155,0.0,0.0,0.0,0.0,0.0,0.0,0.0,0.0,0.0,0.0
2.494504451751709,-0.0369498086608131,-0.04130777568598741,0.2118597161918137,-0.00520632626635793,0.011071963084894691,0.06195576367066055,-0.7106243304770898,-0.05562619165599228,0.8062350590917677,0.0,0.0,0.0,0.0,0.0,0.0,0.0,0.0,0.0,0.0
2.5050160884857178,-0.035768617730692065,-0.039858435782190824,0.20555894904885882,-0.0029130001310148567,0.009861609124392693,0.05885691742140263,-0.6867328903064489,-0.05689556244536404,0.780515108303982,0.0,0.0,0.0,0.0,0.0,0.0,0.0,0.0,0.0,0.0
2.515425205230713,-0.035174822038317545,-0.03909760667657272,0.20263431808436363,-0.0014816089284984957,0.008468894485590177,0.051654591610617986,-0.6753271968790489,-0.059225681466918326,0.7681537453958289,0.0,0.0,0.0,0.0,0.0,0.0,0.0,0.0,0.0,0.0
2.525949239730835,-0.035996401827180585,-0.039941526851650686,0.20785497405292022,-0.00021270351806914557,0.006917988896178558,0.044428801431016934,-0.6918236248790428,-0.06379333828426413,0.7870158939208791,0.0,0.0,0.0,0.0,0.0,0.0,0.0,0.0,0.0,0.0
2.53629994392395,-0.035093576108086964,-0.0389039537495502,0.2030889625374125,0.0009512825876231437,0.004896575243371459,0.03450286948775947,-0.6755420869999231,-0.06486575273955619,0.7683101517100348,0.0,0.0,0.0,0.0,0.0,0.0,0.0,0.0,0.0,0.0
2.546741008758545,-0.03584207599050693,-0.03972246359932823,0.20782304927335854,0.0017267140074434517,0.0033149528871180096,0.02640457579573497,-0.6911667521482149,-0.06844391628355109,0.7857538129402815,0.0,0.0,0.0,0.0,0.0,0.0,0.0,0.0,0.0,0.0
2.5570592880249023,-0.03529696125801262,-0.03911855098932587,0.20496982526528384,0.0017077285154704221,0.0020993190501899855,0.018156513109070935,-0.6818426543828461,-0.06909761369562356,0.7747381910618906,0.0,0.0,0.0,0.0,0.0,0.0,0.0,0.0,0.0,0.0
2.56742262840271,-0.035803158824510524,-0.039680239103615414,0.20811531715172776,0.0012272662092480068,0.0014528845287643066,0.011764164099613856,-0.6927462138916585,-0.071420847716703,0.7866284223279657,0.0,0.0,0.0,0.0,0.0,0.0,0.0,0.0,0.0,0.0
2.5782315731048584,-0.03879436801943742,-0.04299976200335922,0.2256450802805594,0.0010008730309351175,0.0007943517091467719,0.007467067265785754,-0.7516851364472261,-0.07843265511281772,0.8530106717929314,0.0,0.0,0.0,0.0,0.0,0.0,0.0,0.0,0.0,0.0
2.588735580444336,-0.03686009839524523,-0.04086655695230604,0.21448450629764254,0.0008751434132801475,-4.734337923400849e-06,0.0035442233461104897,-0.7150237645661708,-0.07516319769091492,0.8109590488014715,0.0,0.0,0.0,0.0,0.0,0.0,0.0,0.0,0.0,0.0
2.5992980003356934,-0.03716320366636987,-0.041217311986274166,0.21630523423908232,0.0008181200146083082,-0.00047527169347816995,0.0008795017770566264,-0.7215365332318406,-0.07614104528596674,0.8179803664191593,0.0,0.0,0.0,0.0,0.0,0.0,0.0,0.0,0.0,0.0
2.6102285385131836,-0.03937996703616166,-0.04369197713673572,0.2292405811949732,0.0007571046603770599,-0.000695388105329066,-0.000989204057154685,-0.7650629420073056,-0.08083806935756661,0.8670251241821041,0.0,0.0,0.0,0.0,0.0,0.0,0.0,0.0,0.0,0.0
2.620748281478882,-0.036537504399789485,-0.040552753304104246,0.21270662043801292,0.0005750766582911486,-0.0007494972178123346,-0.0018590746013378754,-0.7101040531448236,-0.07497830071719656,0.8045661977557096,0.0,0.0,0.0,0.0,0.0,0.0,0.0,0.0,0.0,0.0
2.631472587585449,-0.03759997570745267,-0.04174665282734719,0.21889490890165791,0.0004836545074152872,-0.0008614818609778607,-0.00227319386105056,-0.7308499400683867,-0.07700813127812738,0.8279931909698287,0.0,0.0,0.0,0.0,0.0,0.0,0.0,0.0,0.0,0.0
2.6423943042755127,-0.03861348777433923,-0.042884279669953146,0.22479067586416962,0.00036817308109418244,-0.0007699249725769421,-0.0023513850793598287,-0.750557342765439,-0.07888252490428327,0.8502896498509238,0.0,0.0,0.0,0.0,0.0,0.0,0.0,0.0,0.0,0.0
2.652946949005127,-0.03605807338230163,-0.04005422554808643,0.20990624878856315,0.0002553045166736415,-0.0004867868302677143,-0.002048730619619855,-0.7008305112557944,-0.07345037860756481,0.7939633731908213,0.0,0.0,0.0,0.0,0.0,0.0,0.0,0.0,0.0,0.0
2.663569211959839,-0.0363214963336712,-0.04035313999056786,0.21143421513230587,0.00025340286398490436,-0.00032799199323169304,-0.001825785054952054,-0.7058525262883486,-0.0737622363405663,0.7996986335746673,0.0,0.0,0.0,0.0,0.0,0.0,0.0,0.0,0.0,0.0
2.6741063594818115,-0.03574082095864095,-0.03971264539795145,0.2080496525965561,0.0002024537935871309,-0.0002263545763287889,-0.0014497905521516196,-0.6944951746232941,-0.07240922314385159,0.7868747736415692,0.0,0.0,0.0,0.0,0.0,0.0,0.0,0.0,0.0,0.0
2.6846065521240234,-0.03553869652928482,-0.03949817450108124,0.2069440533499382,0.000909360687391947,3.612146046052602e-05,0.0015781877177486608,-0.6907031185957097,-0.07170944401754764,0.782573429819435,0.0,0.0,0.0,0.0,0.0,0.0,0.0,0.0,0.0,0.0
2.695283889770508,-0.0367080103794496,-0.04078885655713418,0.2138285186862717,0.0003427970731114377,0.0011558809603734465,0.005606163758235296,-0.713936450904316,-0.07378826067048207,0.8086299104898147,0.0,0.0,0.0,0.0,0.0,0.0,0.0,0.0,0.0,0.0
2.706007480621338,-0.03710295800304165,-0.04114032272526934,0.21588303832123912,-0.004480494709380978,0.0031199515315091415,0.0038654320540910912,-0.7222901183502233,-0.07503767231138957,0.817303954919271,0.0,0.0,0.0,0.0,0.0,0.0,0.0,0.0,0.0,0.0
2.7164433002471924,-0.03546693908273271,-0.03916930391808765,0.20577238102191783,-0.009222545569847833,0.004365964959505928,-0.0008226174157879562,-0.691007313141035,-0.07296697276298783,0.7807617427046215,0.0,0.0,0.0,0.0,0.0,0.0,0.0,0.0,0.0,0.0
2.727214813232422,-0.037732887987951984,-0.04147787590716407,0.21807634975409146,-0.012374291728004132,0.004408790625707461,-0.006286771136374555,-0.7341987871166923,-0.07821456840292237,0.8291447363606453,0.0,0.0,0.0,0.0,0.0,0.0,0.0,0.0,0.0,0.0
2.737701892852783,-0.03613094276368968,-0.03953697039168817,0.20792111437987817,-0.012517753298580531,0.0030769621393198464,-0.010980554489143087,-0.6999157465831484,-0.07391260112836172,0.7914142361591749,0.0,0.0,0.0,0.0,0.0,0.0,0.0,0.0,0.0,0.0
2.7481472492218018,-0.036062398328225366,-0.03929781002327683,0.2066936996557485,-0.011579659928361123,0.002694056202908613,-0.01049989456608121,-0.6957505023810326,-0.07298641006478777,0.7875866587831344,0.0,0.0,0.0,0.0,0.0,0.0,0.0,0.0,0.0,0.0
2.7585880756378174,-0.036276269736872736,-0.03938128083152436,0.20715844384296356,-0.010594340287278538,0.002495574357633095,-0.009837507423348543,-0.6972833176641899,-0.07274153042363403,0.7901337077157069,0.0,0.0,0.0,0.0,0.0,0.0,0.0,0.0,0.0,0.0
2.76902174949646,-0.03650082661071763,-0.039492424027370646,0.2077164946875667,-0.009818766035829023,0.0018685646032658627,-0.011573516123526872,-0.6978969542154384,-0.07152166846427359,0.7924604249968494,0.0,0.0,0.0,0.0,0.0,0.0,0.0,0.0,0.0,0.0
2.7795372009277344,-0.03726870177252222,-0.04021485938036552,0.21151448184657679,-0.00788140379769122,0.0017939540891585574,-0.008896867446560411,-0.7100154541301231,-0.07202650265106761,0.8072785596916608,0.0,0.0,0.0,0.0,0.0,0.0,0.0,0.0,0.0,0.0
2.78995943069458,-0.03686990636270811,-0.039707331151016094,0.20891211096789336,-0.0050686133134590725,0.0019510658971793892,-0.003280231205979086,-0.7024080301226676,-0.07195089326445436,0.7982356851400887,0.0,0.0,0.0,0.0,0.0,0.0,0.0,0.0,0.0,0.0
2.800532817840576,-0.03798104220851149,-0.040851624066809984,0.2150363839232095,-0.0029680241130688872,0.0018873774756040947,0.000470112097407174,-0.7252072265369252,-0.0758549239928599,0.8228445805298831,0.0,0.0,0.0,0.0,0.0,0.0,0.0,0.0,0.0,0.0
2.8110485076904297,-0.03768026559831604,-0.04049570096099585,0.21328021558761298,-0.001423782013439,0.0016566072336388908,0.002863609721013086,-0.7219460599712433,-0.07746331920327076,0.8174044728408195,0.0,0.0,0.0,0.0,0.0,0.0,0.0,0.0,0.0,0.0
2.821535587310791,-0.03751847448545701,-0.04030243646282387,0.21238226004069635,-0.00047293070625804016,0.001423867422838368,0.004203807320901145,-0.7216184430859355,-0.07945164638809457,0.8151746086869203,0.0,0.0,0.0,0.0,0.0,0.0,0.0,0.0,0.0,0.0
2.8320631980895996,-0.03777961231927643,-0.04057598730384539,0.21392922720182128,0.00029790403070165334,0.0010486894856043356,0.00468554315988429,-0.7293483484268913,-0.08218285726648882,0.8221522408858035,0.0,0.0,0.0,0.0,0.0,0.0,0.0,0.0,0.0,0.0
2.8426177501678467,-0.0379252115190163,-0.04073700682935917,0.2148591643698608,0.0009561531196940088,0.0006317454147448491,0.004467761947934948,-0.7345719608805659,-0.08435597538923666,0.8265326559019215,0.0,0.0,0.0,0.0,0.0,0.0,0.0,0.0,0.0,0.0
2.853036403656006,-0.03701151456399088,-0.0397674635218238,0.20980371614786852,0.0013356606803952462,0.0003338624923831122,0.0037920474621328487,-0.718836081281026,-0.08376422768499885,0.8076436590389418,0.0,0.0,0.0,0.0,0.0,0.0,0.0,0.0,0.0,0.0
2.8636395931243896,-0.038168779949202064,-0.041025665732450256,0.21648404347275513,0.0014038770331923239,0.0001214447199481823,0.0033450361285016763,-0.742893093348294,-0.08751019394998882,0.8337400153309302,0.0,0.0,0.0,0.0,0.0,0.0,0.0,0.0,0.0,0.0
2.874147891998291,-0.03751302606166619,-0.04033334535557267,0.2128617540907826,0.001098564001821114,-5.517154301448837e-06,0.0028995931927518837,-0.7312766426753832,-0.08681852401875143,0.8200301118899542,0.0,0.0,0.0,0.0,0.0,0.0,0.0,0.0,0.0,0.0
2.884504556655884,-0.03651913658002531,-0.039275293911309864,0.2072978575821657,0.0008557239454120164,-8.90938464670302e-05,0.002277056896409522,-0.7126885039203644,-0.08506769942229152,0.7987353659486984,0.0,0.0,0.0,0.0,0.0,0.0,0.0,0.0,0.0,0.0
2.8952698707580566,-0.03914090535164264,-0.042107262665367844,0.22225015417336064,0.000891755925620962,-0.00023453121009925042,0.0015699570814319895,-0.764403604606726,-0.09152905524607206,0.8563999685248151,0.0,0.0,0.0,0.0,0.0,0.0,0.0,0.0,0.0,0.0
2.905719757080078,-0.03704376791824262,-0.03986211833837566,0.21039626579327406,0.0007854935939524079,-0.0002279528401758743,0.0007086453836106165,-0.7237487896010106,-0.08677981728600817,0.8107058010281719,0.0,0.0,0.0,0.0,0.0,0.0,0.0,0.0,0.0,0.0
2.916297674179077,-0.03780042952040628,-0.04068481322550731,0.21473402685557552,0.0006533423204438457,-0.00013904034947552284,0.00014989398922956803,-0.7386633979981263,-0.08857500269062668,0.8273666109413296,0.0,0.0,0.0,0.0,0.0,0.0,0.0,0.0,0.0,0.0
2.9271748065948486,-0.03964175929239362,-0.0426732456822026,0.22522512243001364,0.0005658833242216501,-5.722722568884024e-05,-0.00021812370980817998,-0.7746423720558936,-0.09281125021518785,0.867706930224272,0.0,0.0,0.0,0.0,0.0,0.0,0.0,0.0,0.0,0.0
2.9376299381256104,-0.036765136534289936,-0.03958111376101502,0.2089028555606534,0.00042321466005309035,-1.9902745859103273e-06,-0.00034999376646094326,-0.7183504250185102,-0.08595530446299543,0.8047386830899337,0.0,0.0,0.0,0.0,0.0,0.0,0.0,0.0,0.0,0.0
2.9481871128082275,-0.037301610851981026,-0.04016269011362468,0.211966169870862,0.0003136783609398118,-6.859166822117983e-05,-0.0003587017117895659,-0.7287090411697146,-0.08707151153697786,0.8164547029810367,0.0,0.0,0.0,0.0,0.0,0.0,0.0,0.0,0.0,0.0
2.958641290664673,-0.03661644758727824,-0.039437557639669954,0.2080732564817811,0.0003802016107489809,-0.0008082469039925693,-0.0021455662109406038,-0.7138563108132076,-0.08429282250073392,0.800823225427781,0.0,0.0,0.0,0.0,0.0,0.0,0.0,0.0,0.0,0.0
2.96907639503479,-0.03651390486111924,-0.03937882767371147,0.20757861558423812,0.002252373408321767,-0.0025324900266450144,-0.0044019542729736814,-0.7082759307529746,-0.08105152593517216,0.7971252200509136,0.0,0.0,0.0,0.0,0.0,0.0,0.0,0.0,0.0,0.0
2.979513645172119,-0.036559351839603155,-0.03954502775244298,0.20819902437534749,0.006554367153712333,-0.004171474778936116,-0.002583741364866895,-0.7057183561655584,-0.07781123031758223,0.7970596322270485,0.0,0.0,0.0,0.0,0.0,0.0,0.0,0.0,0.0,0.0
2.989978075027466,-0.036750127320380625,-0.03991998350047027,0.2099152100849398,0.010407217139150287,-0.0049529073160415925,0.00120565673594092,-0.7075895081053412,-0.07573334750423591,0.8012029549223881,0.0,0.0,0.0,0.0,0.0,0.0,0.0,0.0,0.0,0.0
